kar,rus
Afriekan rahvahan lugumiäry on läs miljardua hengie,численность населения Африки приближается к миллиарду человек
"Afriekku on rahvaskunnan algukodi: juuri täs lövvettih aigazien gominidoin muinazimat jiännykset, ottajen joukkoh ""Sahelanthropus tchadensis"", ""Australopithecus africanus"", ""A","Африка считается прародиной человечества: именно здесь нашли самые древние останки рода Homo и вида Homo sapiens, и его вероятных предков, включая сахелантропов, Australopithecus africanus, A."
Afriekan manner menöy poikki ekvuatoras da mones ilmastoalovehes,Африканский континент пересекает экватор и имеет много климатических зон
"Se on ainavo manner, kudai sijoittuu pohjazes subtropizes ilmastoalovehespäi suvisubtropizessah","Это единственный континент, протянувшийся от северного субтропического климатического пояса до южного субтропического"
Täs vihmuu ylen vähän,Здесь редко бывает дождь
Nimen alguperä,Этимология
"Enzimäi ”afri”-sanal muinazen Karfagenan eläjät kučuttih ristikanzoi, kuduat elettih linnan lähäl","Изначально словом «афри» жители древнего Карфагена называли людей, обитавших недалеко от города."
"Tämä nimi on sivottu ”afar”-sanah, kudai merkiččöy finikakse pölyy","Это название обычно выводят из финикийского afar, что значит «пыль»."
"Konzu Riman eläjät vallattih Karfagenan, hyö nimitettih sen Afriekakse",После завоевания Карфагена римляне назвали провинцию Африкой
"Myöhembäh Afriekakse ruvettih kuččuo tämän manderen kaikkii alovehii, a sit iččiegi mannerdu","Позднее Африкой стали называть и все известные регионы этого континента, а потом и сам континент."
Ahven,окунь
"Ahven (""Perca fluviatilis"") on kala","Окунь (""""Perca fluviatilis"""") - это рыба"
Ahven voib kazvua enämb 1 kilou,Окунь может вырастать больше 1 килограмма
Ahven syöb äijäl toini kalua,окунь питается живой рыбой
Ahvenel on erinomane magu,у окуня необычный вкус
"Niis keitetäh rokkua da žuaritah, Ven’al da kuivatah","Из неё варят суп и жарят, русские её сушат"
"Ahvenet (""Perca"") ollah ahvenien heimoh da ""Percinae""-alaheimoh kuului kalasugu","Пресноводные окуни (Perca) — род рыб семейства окунёвых (Percidae), отряда окунеобразных"
Luavut,лава
Ahvenkalat,Окунеобразные
"Ahvenkalat (""Perciformes"") ollah kalalahko",Окунеобразные (лат. Perciformes) — отряд пресноводных и морских лучепёрых рыб
"Aigu on fiiziekan perussuurus, kuduan yksikkö on sekundu","Время — физическая величина, единица измерения — секунда"
Aijanlaskun histourii,Отсчёт времени
Aigu fiiziekas,Физика времени
Aiguvyöhykkehel on kaksi piämerkičysty,Понятие часовой пояс имеет два значения
Aittuniemi on Karjalan tazavallan Louhen piirin pos’olku,Аеттуниеми — посёлок в Лоухском районе Республики Карелия
Se on Aittuniemen kyläkunnan haldivolline keskus,Это административный центр Аеттуниемского сельского поселения
Aittuniemi () on Karjalan tazavallan Louhen piirin pos’olku,Аеттуниеми — посёлок в Лоухском районе Республики Карелия
Histourii,История
Se perustettih vuvvennu 1914 Murmanskan raudutien raududorogustansiennu,Посёлок основан в 1914 году как железнодорожная станция строящейся Мурманской железной дороги
Laitokset da organizaciet,учреждения и организации
Kul’tuuru da opastundu,культура и образование
Pos’olkas on keskiškola,В посёлке есть школа
Histourien mustomerkit,достопримечательности
Händy pietäh yhtenny merkittävimis ohjuajis kinon histouries,Считается одним из самых влиятельных кинорежиссёров за всю историю кино
57-vuodehizen uran aigua häi ohjai kaikkiedah 30 kinuo,За 57-летнюю карьеру он создал тридцать фильмов
"Kurosawan enzimäine kino ""Sugata sanširo"" piäzi ilmah vuvvennu 1943","Первый фильм Куросавы ""Сугата Сансиро"" вышел на свет в 1943 году"
Akkalansaamen kieli on uralilazen kieliperehen suomelas-ugrilazeh kielijoukkoh kuului saamilaine kieli,"Бабинский саамский язык, или аккала — язык из финно-угорской ветви уральской языковой семьи"
Se kuoli vuonnu 2003,Он вымер в 2003 году
Al'umiinii Mendelejevan sistiemallizen järjestyksen mugah on kolmadentostu joukon kolmanden periodan alguaineh,Алюминий — химический элемент 13-й группы третьего периода периодической таблицы химических элементов Менделеева
Sen atomunoumer on 13,Его атомный номер — 13.
Se kuuluu kebjieloin metalloin joukkoh,Относится к группе лёгких металлов
Tädä metallua on ylen äijy da se on kolmas hiimielline alguaineh muankuores leviemizen mugah (kislorodan da kremnien jälles),Наиболее распространённый металл и третий по распространённости элемент в земной коре (после кислорода и кремния).
Prostoi aineh al'umiinii on kebjei paramagnitnoi metallu,Простое вещество алюминий — это лёгкий парамагнитный металл
Sen väri on valgei da hobjankarvaine,Его цвет — серебристо-белый
"Al’umiiniespäi on kebjieh luadie erilazii muodoloi, sidä on kebjieh valua",Алюминиевый сплав легко поддаётся формовке и литью
"Al'umiiniel on korgei lämmön- da sähkösiirdo, se ei varua korroziedu","Алюминий обладает высокой тепло- и электропроводностью, стойкостью к коррозии"
Histourii,история
Enzikerran al'umiiniedu sai duanielaine fiiziekku Gans Ersted v,Впервые алюминий был получен датским физиком Хансом Эрстедом
"Alguainehen nimi perustuu latinan nimeh ”alumen”, kudai merkiččöy ”kvastsi” («квасцы»)",Название элемента образовалось от лат. alumen — квасцы
Ennen al'umiinien tevolližussuamizen löydämisty tämä metallu oli kuldua kallehembi,До развития широкомасштабного промышленного  способа получения алюминия этот металл был дороже золота
Ala-Kuittijärvi () on Ven’an järvi Karjalan tazavallan Kalevalan piiris,Нижнее Куйто — российское озеро в Калевальском районе Республики Карелия
Se kuuluu Kuittijärvilöin joukkoh da sijoittuu Kemin jovenalas,Входит в группу озёр Куйто бассейна реки Кемь
"Järven pinduala on 141,3 km², piduhus – 30,4 km, levevys – 7,5 km, randuviivan piduhus – 124 km","Площадь озера — 141,3 км², длина — 30,4 км, ширина  — 7.5 км, береговой линией — 124 км"
"Sen keskisyvys on 9,4 m, syvin kohtu on 33 m","Средняя глубина — 9.4 м, наибольшая глубина — 33 м"
"Suvirandu on madal, pohjasrandu on korgei, niilöil kazvau havumeččii","Южный берег низкий, северный — высокий, покрыты хвойным лесом."
"Järves on 48 suardu, kudamien yhtehine pinduala on 1,6 km²","На озере 48 островов общей площадью 1,6 км²"
"Suurimat niilöis on Vuopasari (0,15 km²) da Petrasari","крупнейшие из них: Вуопасари (0,15 км²) и Петрасари"
Vien väri on valpahanmaksankarvaine,Цвет воды светло-коричневый
Pohjas on järvirudua da harmuadu mudua,Дно покрыто озёрной рудой и серым илом
Järven lahtilois on kažl’ua da šaraheiniä,В устье озера растёт камыш и осока
"Järves on riäpöidy, särgii, haugii, ahvendu, siigua, matikkua, kiiškoidu","В озере обитают корюшка, ряпушка, плотва, щука, окунь, сиг, налим, ёрш."
Turing hyvin vaikutti informatiekan kehittämizeh,Тьюринг оказал существенное влияние на развитие информатики
"Häi on Britanien imperien ritarikunnan kavaleru (1945), Londonan kuningasseuran ozanottai (1951)","Кавалер ордена Британской империи (1945), член Лондонского королевского общества (1951)"
Vuvvennu 1936 keksitty Turingan koneh avvutti tarkastella algoritmua,Предложенная им в 1936 году абстрактная вычислительная «Машина Тьюринга» позволила формализовать понятие алгоритма
Tädä konehtu nygöigi käytetäh monis teouriettizis da praktiekallizis,Этот механизм до сих пор используется во множестве теоретических и практических исследований
Turingan tiedoruavot pietäh suurennu panoksennu sego informatiekan perustamizeh sego i tegoälyn teourieh,Научные труды А. Тьюринга — общепризнанный вклад в основания информатики и в частности — теории искусственного интеллекта
"Toizen muailmanvoinan aigua Alan Turing ruadoi Kodoin da peittokielen haldivollizes školas, kudai sijoičči Bletči-puistos","Во время Второй мировой войны Алан Тьюринг работал в Правительственной школе кодов и шифров, располагавшейся в Блетчли-парке"
"Turing keksi mondu murron tabua da teouriettizen ohjelman Bombe-koneheh niškoi, kuduan avul murrettih germuanilazen Enigma-peittokielikirjoituskonehen","Тьюринг разработал ряд методов взлома, в том числе теоретическую базу для Bombe — машины, использованной для взлома немецкого шифратора «Enigma»"
"Voinan jälles Turing ruadoi Kanzallizes fiziekkulaboratouries, kus hänen projektan mugah oli luajittu enzimäine tiedokoneh ACE-programmanke","После войны Тьюринг работал в Национальной физической лаборатории, где по его проекту был реализован первый в мире компьютер с хранимой в памяти программой — ACE"
Vuvven 1948 Turing liityi Mančesteran yliopistoh da otti ozua Mančesteran tiedokonehien keksimizes,"В 1948 учёный присоединился к вычислительной лаборатории Макса Ньюмана в Университете Манчестера, где ассистировал при создании Манчестерских компьютеров"
Sežo Turing tutkii matematiekan biolougii,позднее Тьюринг заинтересовался математической биологией
Vuvvennu 1950 häi keksii empiirine Turingan testu tiedokonehen tegoälyn arvosteluh niškoi,В 1950 году предложил эмпирический тест Тьюринга для оценки искусственного интеллекта компьютера
"Turing oli homoseksualu, sendäh händy vaivattih","Алан Тьюринг был гомосексуалом, из-за чего его преследовали"
Vuvvennu 1954 häi luadi ičetapon,Он умер в 1954 году от суицида
Häi on yksi kuulužimis homofobien žertvois Britanies,был признан «одной из самых известных жертв гомофобии в Великобритании»
Turingan kunnivokse on nimitetty muailman arvokkahin palkindo informuatiekan alal,В честь учёного названа Премия Тьюринга — самая престижная в мире награда в области информатики
"Alangomuat libo Hollandii () on valdivo, kudamas on kaksi ozua: Päivänlasku-Jevroupan oza da Karibanmeren suaret Boneir, Sint-Estatius da Saba (niidy kučutah Kariban Gollandiekse)","Королевство Нидерландов — государство, состоящее из основной территории в Западной Европе и островов Бонайре, Синт-Эстатиус и Саба в Карибском море (называемых также Карибскими Нидерландами)"
"Päivänlasku-Jevroupan aloveh on Pohjanmeren rannal (randuviivan pitkevys on 451 km), se rajoittuu Germuanienke (577 km) da Bel’gienke (450 km)",В Западной Европе территория омывается Северным морем (длина береговой линии — 451 км) и граничит с Германией (577 км) и Бельгией (450 км)
"Valdivolline flagu on kolmevärine (ruskei, valgei, sinine piduhusviivoin)","Государственный флаг — трёхцветный (красный, белый, синий по горизонтали)"
Kanzalline pruazniekku on 27,Национальный праздник — 27 апреля
Alangomualoin peruszakonan mugah valdivon virralline piälinnu on Amsterdamu,"Официальной столицей государства, согласно его Конституции, является Амстердам"
"Ga tovelline piälinnu on Gaagu, kudamas on kuningahan rezidensii, parluamentu, haldivo da toizien mualoin posol’stvat","При этом фактической столицей является Гаага, где расположены королевская резиденция, парламент и правительство, а также большинство посольств иностранных государств"
"Toizet tärgiet linnat ollah Rotterdamu (muan suurin portu), Utrehtu (muan raududorogusistieman keskus), Eindhovenu (elektroniekan keskus)","Другие важные города: Роттердам (самый большой порт), Утрехт (центр железнодорожной системы) и Эйндховен (центр электроники)"
"Pinduala on 41 543 km², rahvahan lugumiäry on 17 022 101 hengie","Площадь территории в европейской части — 41 543 км², население — 17 022 101 человек"
Alavoine on poselenii da sen keskus Karjalan tazavallan Anuksen piiris Ven'al,"Алавойне — посёлок, административный центр в Карелии Олонецкого национального района в России"
Muantiedo da eläjät,география и население
"Se rajoittuu luodehes Anuksen piirin Videlen, koillizes Koveran, päivänlaskupuolel Tuuksen da Anuksen da liidehes Mägriän kundih sego suves Luadogan kauti Leningradan aloveheh","Простирается на северо-западе от Олонца, встречается с Коверой, на западе находится Тукса, на юго-востоке Мегрега, и выходит на Ладожское озеро из Ленинградской области"
Albert Gustaf Aristides Edelfelt (21,Альберт Густав Аристид Эдельфельт
Edelfelt mualai äijän histouriellistu aihettu da portriettua,Эдельфельт преимущественно писал исторические сюжеты и портреты
Edelfelt rodiihes vuvvennu 1854,Эдельфельт родился в 1854 году
Hänen tuattah oli ruoččilaine arhitektor Carl Albert Edelfelt da muamo bohatan porvoolaizen kupčan tytär Alexandra Brandt,"Его отец, Карл Эдельфельт, был архитектором, а мать — дочь богатого купца Александра Брандта"
"Edelfelt oli enzimäine kanzoinvälizesti tundiettu suomelaine taidoilii, kuduan tevoksii ostettih muzieloih da merkittävih taidehkogomuksih","Эдельфельт был известный финский художник, его произведения продавали в музеи и крупные художественные фонды."
Aihies muijal,ссылки
Albert Einstein (14,Альберт Эйнштейн
Häi sai Nobelan fiiziekanpalkindon vuvvennu 1921,Лауреат Нобелевской премии по физике 1921 года
"Albuanii (""alb",Албания
"""Shqipëria""), täyzi virralline muodo on Albuanien tazavaldu (""alb","Shqipëria), полная официальная форма — Республика Албания"
"""Republika e Shqipërisë""), on valdivo Balkanan niemimuan päivänlaskus, Adrianmeren da Ionianmeren rannal",Republika e Shqipërisë государство в западной части Балканского полуострова на побережье Адриатического и Ионического морей
Se on NATO:n ozanottai vuvves 2009 algajen,Албания — член НАТО с 2009 года
Otranto-salmi eroittau Albuanien Itualies,Пролив Отранто отделяет Албанию от Италии
"Koillizes se rajoittuu Serbienke, Kosovo da Metohii – avtonoumizen alovehenke","На северо-востоке граничит с Сербией, Косово и Метохией — автономной областью"
"Luodehes – Černogourienke, päivännouzus – Makedounien tazavallanke, liidehes – Gretsienke","на северо-западе — с Черногорией, на востоке — с Северной Македонией, на юго-востоке — с Грецией"
Muan aloveh on 28748 km²,Занимаемая площадь: 28.748 км²
Sen rahvahan lugumiäry on 2 831 741 hengie,Число населения — 2 831 741 человек
Muan piälinnu on Tirana,Столица — Тирана
"Aleksal () on Karjalan tazavallan Anuksen kanzallizen piirin kylä, kudai kuuluu Alavozen kyläkundah",Але́ксала () — деревня в составе Ильинского сельского поселения Олонецкого национального района Республики Карелия.
Se sijoittuu Anuksenjoven rannal,Расположена на реке Олонка
Aleksandr-Svirskoin Pyhä-Troitskoi manasteri on manasteri Lodeinoi Pellon linnas Leningruadan alovehel Ven'al,Свято-Троицкий Александро-Свирский монастырь находится в Лодейнопольском районе Ленинградской области России
Täs manasteris ainos oli ylen strougoi ustuavu,В этом монастыре всегда было очень строгий устав
Aleksandr Lukič Volkov,Александр Лукич Волков
Eloskerdu,Биография
"Nevvostoliiton da Suomen voinan aigah (1941-1944) Volkovan pereh oli evakuiiruittu Sverdlovan alovehele, kus Aleksandr rubei oman ruadotoimindan kolhozas heboloinkaččojannu da sit mečänkuadajannu","В годы Советско-финской войны (1941—1944) семья была эвакуирована в Свердловскую область, где Александр работал конюхом в колхозе, а затем — лесорубом."
"Vuozinnu 1948-1988 Petroskoin kooperativnoi tehnikuman opastundan jälles Aleksandr ruadoi myöndyjärjestölöis, oli Profsojuzoin komitietan johtajannu da Petroskoin deputuattannu","В 1948—1988 годах, после окончания Петрозаводского кооперативного техникума, работал в организациях торговли, избирался Председателем Комитета профсоюзов, депутатом Петрозаводска"
"Vuvvennu 1959 oli piästetty ilmoih Volkovan enzimäzet runot, vuvvennu 1966 häi voitti Oma Mua -lehten runokonkursan da sai palkinnon","В 1959 году Волковым были опубликованы его первые стихи, в 1966 году, по итогам конкурса газеты «Oma Mua», его стихи на карельском языке были удостоены премии."
"Vuvvennu 1959 oli piästetty ilmoih enzimäine Malen'kaja Dessoila -runokniigu ven'an kielel, a vuvvennu 1997 tämä kniigu ""Pieni Dessoilu"" oli piästetty karjalan kielen livvin murdehel","В 1959 году вышла первая книга стихов — «Маленькая Дессойла» на русском языке, а в 1997 году эта книга «Pieni Dessoilu» вышла на ливвиковском диалекте карельского языка."
"Vuvvennu 1998 hänen Igäine tuli -runo voitti lehtimiehien da kirjuttajien konkursas ""Paras tevos karjalan da veps'an kielel""",В 1998 году стихотворение «Вечный огонь» стало победителем конкурса журналистов и литераторов «Лучшее произведение на карельском и вепсском языках»
Vuozispäi 1990 Aleksandr Lukič on Karjalaine sana -kirjuttajien yhtymän piälikkö,C 1990-х годов Александр Лукич руководит литературным объединением «Карельское слово»
Vuvvespäi 2000 liittyi Ven'an kirjuttajien liittoh,С 2000 года — член Союза писателей России
Volkov kiändi karjalakse A,Волков — автор переводов на карельский
"Vuvvennu 2001 hänen Vellen syväin -kniigu sai diploman ""Karjalan tazavallan vuvven kniigu"" da Karjalan tazavallan piälikön palkinnon",В 2001 году его книга «Сердце брата» удостоена диплома «Книга года Республики Карелия» и премии Главы Республики Карелии
Vuozinnu 1999-2001 oli Karjalan Rahvahan Liiton piälikkönny,В 1999—2001 годах возглавлял Союз карельского народа
Sammon-palkinnon laureattu,Лауреат премии «Сампо»
Aleksandr Vasil’jevič Suvorov,Александр Васильевич Суворов
"Ven’an muan- da merienvoimien generualissimus, Avstrien da Sardien voimien generualu-fel’dmuaršualu, oman aijan kai Ven’an da monien ulgopuolien mualoin miehien kunnivomerkilöin suaju","генералиссимус русского сухопутного и морского флота, генерал-фельдмаршал австрийского и сардинского флота, кавалер всех российских орденов, вручавшихся мужчинам, а так же ряда иностранных."
Suvorov oli roinnuhes generualu-anšefu Vasilii Ivanovič Suvorovan perehes (tarkua roindupäivän vuottu nikel ei ole tiettävy),Родился в семье будущего генерал-аншефа Василия Ивановича Суворова (год рождения достоверно не известен)
Aleksandr Suvorovan tuatto oli kovasydämelline peitolline kansel’uarien ruadai,Отец Александра Суворова был жестоким деятелем тайной канцелярии
"Lippuzes Suvorov kirjutti omas roindas vuonnu 1730, ga omaeloskerras kirjutti, gu häi meni armieh vuonnu 1742, konzu hänele täytyi 15 vuottu","В собственноручной записке Суворов указал год рождения 1730, а в автобиографии — что поступил на службу в 15 лет и было это в 1742 году"
"Aleksandran tuatto, Vasilii Ivanovič Suvorov oli Pedrun I ristinpoigu da enzimäzen ven’alazen vojennoin sanakniigan luadii","Отец Александра, Василий Иванович Суворов, был крестником Петра I и автором первого русского военного словаря"
Sugulegendan mugah Suvorovat on vahnu ruoččilaine aristokruattilline sugunimi,"По родословной легенде, Суворовы происходят от древней шведской благородной фамилии."
"Iče Aleksandr Suvorov kirjutti omaeloskerras, gu hänen tuattolointuatto tuli Ven’ah vuonnu 1622","Как утверждал сам Суворов в автобиографии, выехал в Россию в 1622 году"
"Suvorovan muamo oli Avdot’ja (Jevdokija) Feodosjevna Suvorova, neijistysaigah Manukova","Мать Суворова — Авдотья (Евдокия) Феодосьевна Суворова, в девичестве Манукова"
Hänes on säilytetty ylen vähän tieduo,О ней сохранилось крайне мало сведений
Suvorovan perehen dovariššu da Aleksandran Puškinan died’oin tuatto generualu Abram Gannibal vaikutti Suvorovan ozah,друг семьи Суворовых и прадед Александра Пушкина Абрам Ганнибал оказал большое влияние на Суворова
"Häi oli nähnyh, gu kižates tinasaldattoinke Aleksandr ylen hyvin ellendäy voijennoloi tegoloi, da nevvoi hänen tuatale andua poijan armieh","Заметив, что во время игры в солдатики Александр неплохо разбирается в тактических сложностях манёвра, он посоветовал отцу, чтобы тот избрал для сына военную карьеру."
Vuonnu 1754 Suvorov sai poručikan virguarvo da oli pannuh Ingerin jalguvägipolkah,В 1754 году Суворов был произведён в поручики армии и назначен к службе в Ингерманландский пехотный полк
1756 – 1758 vuozien aigah häi sluuži Vojennoikunnas,С 1756 по 1759 год занимался вопросами снабжения армии и её комплектования
Vuonnu 1758 Aleksandr rubei sluužimah armies da oli miärätty Memel’an komendantannu,в 1758 году Александр начал служить в армии и был назначен комендантом Мемеля
Pol’šan voinan jälles (1769-1772) Suvorov lähti Suomeh Ruočin rajan kaččelemah da lujendamah,После польской кампании Суворов был отправлен в Финляндию для инспекции и укрепления границы со Швецией
"Häi lujendi ei vaigu Vil’manstrand linnan Lappeenrannas, ga vie kai rajan lujitandupaikat","Укреплял не только крепость Вильманстранд, в городе Лаппеэнранта, но и все приграничные укрепления"
Jo vuonnu 1773 sulakuus häi otti ozua ven’alais-turkilazes voinas (1768-1774) da piäzi fel’dmuaršalu P,Но уже в апреле 1773 года он добился назначения на театр русско-турецкой войны 1768—1774 годов в 1-ю армию фельдмаршала П
"Toizen ven’alais-turkilazen voinan aigah jo generualannu Suvorov sai voittua Kinburnas (1787) da Očakovan lähel (1788), kus häi pergoi kai turkilastu armiedu","С началом русско-турецкой войны годов генерал Суворов одержал верх в Кинбурне (1787) и около Очакова (1788), где были разбиты турецкой армией"
"Bessarabian kampanian aigah häi otti Izmail - lujeviman turkilazen linnan (1790, oraskuu)",Во время Бессарабской кампании он взял Измаил - самую крепкую турецкую крепость (1790)
Vuonnu 1794 händy työnnettih pol’šalazien vägivastustuksen alevuttamah,В 1794 году его отправили для подавления польского бунта
Aleksandr Suvorov oli Ekaterinan II armahin polkienpiälikkö,Александр Суворов был одним из самых излюбленных полководцев Екатерины 2
Hänele pidi perävyö iäre,Ему пришлось отступить
Terväh Suvorov Ven’an armien kel kiändih omah muah,Вскоре Суворов с русскими войсками возвратился на родину
Polkienpiälikkö kuoli vuonnu 1800,Полководец умер в 1800 году
Häi oli havattu Aleksandro-Nevskoin lavran alahazes Blahoveščenskois kirikös,Был погребен в нижней Благовещенской церкви Александро-Невской лавры
"Ulgomualazet äijän kirjutettih ven’alazen polkienpiälikön omaluadužuksih näh: «Suvorov murginoiččou huondeksel, illastau päiväl, maguau illal, oza yödy pajattau, a päivännouzul kävelöy vähiä vajai alastomannu libo vierettelih heinäs, da ajattelou, gu nämä tevot parandetah hänen tervehytty – sanou gertsougu Rišel’je","Иностранцы много писали о чудачествах русского полководца: «Суворов обедает утром, ужинает днём, спит вечером, часть ночи поёт, а на заре гуляет почти голый или катается в траве, что, по его мнению, очень полезно для его здоровья», — свидетельствовал герцог Ришельё."
Suvorov äijiä tiezi voinan dielos da monis toizis tiedolois,Суворов много знал о военном деле и о ряде других дисциплин
"Häi jätti suurdu vojennoi-teouriellistu da praktiekallistu perindyö, keksi uuziloi vojennoin dielon yhtehvedoloi da aksiomoi","Он оставил большую военно-теорёгическую и практическую традицию, развил лексикон военного дела и аксиоматику"
Aleksandro-Nevskoi soboru (Petroskoi),Собор Александра Невского (Петрозаводск)
Aleksandro-Nevskoi soboru on nostettu 1774 vuvvel,Собор Александра Невского () построен в 1774 году
"Konzu jo meni 50 vuottu Aleksandr-Nevskoin jiännöksil, net piätetth siirdiä uudeh kohtah","Когда собор Александра Невского простоял уже 50 лет, его решили перенести на новое место"
Sinne oli rakendettu Aleksandro-Nevskoi manasteri,Туда был перенесён монастырь Александра Невского
"Zavodu ruadoi, sinne kerävyi äijy eläjiä, nygöi pideli rakendua uuzi kirikkö, ku rahvas voidas sinne kävvä molimahes Jumalal","Стал завод работать, там собралось много людей, теперь надо было построить новую церковь, чтобы люди могли ходить туда молиться Богу"
Aleksis Kivi (oigei nimi Alexis Stenvall) (10,Алексис Киви (настоящее имя Алексис Стенвалль)
"Häi on tundiettu enne kaikkie kanzallisromuanan stuatussan suannuos romuanas ""Seiččie vellesty"" (1870), ozutelmis ""Nummisuutarit"" (1864) da runolois","Он был известен прежде всего романами ""Семеро братьев"" (1870), пьесой ""Сапожники Нумми"" и поэзией"
Kivi oli enzimäine suomelaine ammattikirjailii,Киви был первым профессиональным финским писателем
Sir Alfred Džozef Hitčkok,Сэр Альфред Джозеф Хичкок
Vuodessah 1939 häi ruadoi Brituanies da Yhtysvallois,В 1939 году уехал из Британии в США
"Hichcock on kino-ohjuaju, kuduan nimi yhtistetäh trilleru-kinolajih","Хичкок был кинорежиссёром, большинство фильмов относится к жанрам триллера"
Omis fil’mois häi maltoi luadie rauhattomua atmosfierua,создавал в своих фильмах тревожную атмосферу
"Hitčkok sai Ameriekan kinoinstituutan palkindon, a kuningatar Elizabeth I sanoi hänet ritarikse","Хичкок получил почётную награду Американского института кино, а королева Елизавета I посвятила его в рыцари"
Alfred Hitčkok oli roinnuhes The High Road –uuličal Londonan linnanymbäristös Leitonstounas,Альфред Хичкок родился на улице The High Road в лондонском пригороде Лейтонстоуне
Hänen tuatto ruadoi myijänny,Его отец был бакалейщиком
"Hitčkok ohjuai 55 täyzipitkiä fil’mua, monet kudualois ollah muailman kinon kluasiekannu","Хичкок снял 55 полнометражных кинофильмов, многие из которых стали классикой мирового кинематографа"
Sidä paiči Alfred Hitčkok ohjai 21 filmua,"Кроме того, Альфред Хичкок снял ещё и 21 телефильм"
Kaksi fil’mua ei ole lopiettu,два фильма остались незавершёнными
"Hitčkok suvaičči iče ozutella omis fil’mois, enne kaikkie jägimäzis fil’mois","Хичкок любил сам играть в своих фильмах, особенно в поздних работах"
"Huomatah, ku ohjuaju suvaiččou andua piäroulit “kylmile” valgeitukkazile naizile (Marlene Dietrich, Grace Kelly, Vera Miles, Kim Novak)","Было замечено и фирменное пристрастие Хичкока снимать в главных ролях «холодных» блондинок (Марлен Дитрих, Грейс Келли, Вера Майлз, Ким Новак)"
Holliwoodan kunnivokävelykujoh on azutettu Alfred Hitčkokan nimizen tiähti,В Голливудской аллее славы установлена звезда в честь Альфреда Хичкока
"Leitonstoun-nimezes metroazeman seinis on pandu 17 mozuajikkua, kuduat ozutetah fragmentoi Hitchcockan fil’mois","На стене станции метро Лейтонстоун были выложены 17 мозаик, которые представляют фрагменты из фильмов Хичкока"
"Alkogoulijuomine on juomine, kuduas on etanolua (etiiluspirtu, alkogouli)","Алкогольный напиток - напиток, содержащий этанол (этиловый спирт, алкоголи)"
"Alli (""Clangula hyemalis"") on lindu",Аллейка (Clangula hyemalis) — это утка
Nägö da kogo,Внешний вид
Siibien agjuväli: 65-82 cm,Размах крыльев: 65-82 см
Alvar Aalto,Алвар Аалто
Alvar Hugo Henrik Alto,Алвар Хуго Хенрик Аалто
"Alto on ""modernizman tuatto"" Pohjazes Jevroupas","Известен как ""отец модернизма"" в Северной Европе"
Eloskerdu,биография
"Vuvvennu 1916 piäzi Gel'singforsan Politeknillizeh instituuttah, kus händy opastui Armas Lindgren","В 1916 году поступил в Политехнический институт города Гельсингфорса, где учился у Армаса Линдгрена"
"Alžir (Alžiran Rahvahan Demokrattine Tazavaldu) on valdivo Pohjazes Afriekas Välimeren basseinan päivänlaskupuoles, suurin Afriekan valdivo","Алжир (Алжирская Демократическая Республика) — государство в Северной Африке в западной части Средиземноморского бассейна, крупнейшее по территории африканское государство"
"Alžiran päivänlaskupuoles on Marokko, lounazes — Mavritanii da Mali, liidehes — Nigeru, päivännouzupuoles — Livii da Tunisu","Алжир граничит с Марокко на западе, на юго-западе — с Мавританией и Мали, на юго-востоке —  с Нигером и на востоке — с Ливией и Тунисом"
Alžiran suurin oza on Sahara-hiekkumual,Бо́льшая часть территории страны лежит в пустыне Сахара
Piälinnu on Alžiran linnu,Столица — город Алжир
Muan pinduala on 2 381 740 km²,Площадь составляет 2 381 740 км²
Sie eläy (vuvven 2014 tiedoloin mugah) 38 813 722 hengie,Там живёт (по данным за 2014 год) 38 813 722 человека
Amblyraja,Тёмные колючие скаты
Amblyraja on rauskoin heimoh kuului kalasugu,Темные колючие скаты — это род скатов семейства ромбовых отряда скатообразных
Amerikanhuabalo,Американская свиязь
"Amerikanhuabalo (""Anas americana"") on sorzien heimoh kuului lindu",Американская свиязь (Anas americana) — речная утка семейства утиных
Kogo da nägö,Внешний вид
Siibien agjuväli:76-91 cm,Размах крыльев: 76-91 см
Amerikanjiäguikku,Черноклювая гагара
Amerikanjiäkuikku libo amerikanjiäguikku () on kuikkien heimoh kuului lindu,Черноклювая гагара — птица из рода гагар
Se on Kanuadan kanzallislindu,Это национальный символ Канады
Pezindy,Внешность
Amerikanjiäkuikku muniu kaksi jäiččiä,Черноклювая гагара несёт два яйца
Uročču da emäččy havvotah jäiččii yhtes 24-29 päiviä,Самка высижывает яйца 24-29 дней
Poigazet opastutah lendämäh 70-77 päivän ijäs,Детёныши учатся летать в возрасте 70-77 дней жизни
"Amerikanjiäkuikku peziy Pohjas-Amerikan pohjasvuittilois, a talvehtiu sežo Päivänlasku-Europas","Черноклювая гагара обитает в Северной Америке, зимует в прибрежной морской зоне Западной Европы"
Suomes se on harvinaine gost'u,В Финляндии это редкостный гость
"Andorra, virralline nimi on Andorran Ruhtinaskundu on yksi pienis Jevroupan valdivoloispäi","Андорра (), полное официальное название — Княжество Андорра — княжество, одно из карликовых государств Европы"
Se on syväinmuavaldivo (se ei ole meren rannal),Оно внутреннее (не имеет выхода к морю)
"Muan nimi tulou baskiloin kielen sanaspäi ”andurrial”, kudai merkiččöy tyhjiä muadu","Название страны происходит от слова andurrial, что означает «земля, покрытая кустарником»"
"Muan peruszakonan mugah virralline kieli on katalonien kieli, ga rahvas paistah sežo ispuanien da vähän frantsien kielel","По Конституции страны, официальным языком является каталанский, распространены также испанский и немного французский языки"
Andorran pinduala on 468 km²,Территория Андорры составляет 468 км²
Rahvahan lugumiäry on 71 732 hengie,Число населения - 71 732 человек
Andrei Tarkovskii,Андрей Тарковский
"Andrei Arsenjevič Tarkovskii (Андре́й Арсе́ньевич Тарко́вский, 4",Андрей Арсеньевич Тарковский
Händy pietäh yhtenny muailman merkittävimis kinoloin luadijois,Его считают одним из самых влиятельных режиссёров кино
Angola (Angolan Tazavaldu) on valdivo suvizes Afriekas,Ангола (Республика Ангола) — государство в Южной Африке
"Sen rajamuat ollah Namibii - suves, Kongon Demokruatilline Tazavaldu – koillizes da pohjazes, Zambii da Kongon Tazavaldu – päivännouzupuoles","на юге граничит с Намибией, с Демократической Республикой Конго —  на северо-востоке и севере, с Замбией и Республикой Конго — на востоке"
Angolan päivänlaskupuoles on Atlantan valdumeri,С запада Ангола омывается Атлантическим океаном
Angola on endine Portugalien siirdomua,Ангола — бывшая португальская колония
Angolan nimen muale andoi sen enzimäine prezidentu Agostinjo Neto,Ангола получила своё название от первого президента Агостиньо Нето
Nimi kiännetäh kui ”ruskei rouzu”,Название расшифровывается как «красная роза»
Muan pinduala on 1 246 700 kvadruattukilometrii,площадь земли —  1 246 700 квадратных километров
Angolas eläy (vuvven 2015 tiedoloin mugah) 22 565 986 hengie,Анголу населяет (по данным 2015 года) 22 565 986 человека
Angolan piälinnu on Luanda,Столица Анголы — Луанда
"Animacii (, elävöittämine) on tehniekku, kudamas kino todevutetah kuva kuval",Анимация  (одушевление) — технические приёмы создания иллюзии движущихся изображений
"Animacien voibi luadie kuvuamal fil'male piirrettylöi kuvii pienien muutoksienke libo azujen pienii muutoksii fiiziellizeh mallih (ezimerkikse azutekseh, animaciityttih libo vahah) da fotokuvuamal muutokset","Анимация может создать для художественного фильма рисованные картины с небольшими изменениями или сделать небольшие изменения в формате (в образе, переходах или форме) и в фотографической трансформации"
Animacii voijah todevuttua sežo tiedokonehenvuoh,Анимации можно создать с помощью компьютера
Animacien histourii,История анимации
"Iranas Šahr-e Sukhtehan linnas enämbi nellän tuhanden vuvven tagua on lövvetty savimal'l'u, kudaman pinnale oli mualattu koza liikkehen eri vaihielois",Размечать
"Blackton luadi samannu vuvvennu sežo enzimäizenny varzinazennu mul'tifil'mannu pietyn ""Humorous Phases of Funny Faces"" -fil'man","В том же году Блёттон выпустил первый мультфильм, юмеющий название «Комические фазы смешных лиц»"
Karikaturistannu aloittanuh Émile Cohl oli yksi francielazen animacien perustajis,Карикатурный художник Эмиль Коль был одним из основателей французской анимации
"Nevvostoliitos kehitettih omaluaduine, pehmei taba kuvata liikehty, kudamas tuli muan animacien tunnusmerki","В Советском Союзе разработали своеобразный, плавный способ изображения движения, который стал отличительной чертой отечественной анимации"
Animaciitehniekkoi on monenluadustu da niilöi voi sežo yhtistellä,"Существует многообразие анимационных техник, их даже можно комбинировать"
